{
    "total_runtime": 147.82811379432678,
    "num_documents": 1,
    "input_load_time": 0,
    "workflows": {
        "create_base_text_units": {
            "overall": 0.13782930374145508,
            "0_orderby": 0.0006875991821289062,
            "1_zip": 0.0007212162017822266,
            "2_aggregate_override": 0.0019855499267578125,
            "3_chunk": 0.12783265113830566,
            "4_select": 0.0007166862487792969,
            "5_unroll": 0.001310110092163086,
            "6_rename": 0.0003311634063720703,
            "7_genid": 0.00045228004455566406,
            "8_unzip": 0.0006177425384521484,
            "9_copy": 0.00019669532775878906,
            "10_filter": 0.002663850784301758
        },
        "create_base_extracted_entities": {
            "overall": 18.592527389526367,
            "0_entity_extract": 18.58992624282837,
            "1_merge_graphs": 0.002443552017211914
        },
        "create_summarized_entities": {
            "overall": 0.0026373863220214844,
            "0_summarize_descriptions": 0.0025069713592529297
        },
        "create_base_entity_graph": {
            "overall": 0.014013528823852539,
            "0_cluster_graph": 0.012891530990600586,
            "1_select": 0.0009393692016601562
        },
        "create_final_entities": {
            "overall": 0.06956005096435547,
            "0_unpack_graph": 0.0013167858123779297,
            "1_rename": 0.0003294944763183594,
            "2_select": 0.00036716461181640625,
            "3_dedupe": 0.00038170814514160156,
            "4_rename": 0.0002491474151611328,
            "5_filter": 0.0021712779998779297,
            "6_text_split": 0.0005428791046142578,
            "7_drop": 0.00029850006103515625,
            "8_merge": 0.0015790462493896484,
            "9_text_embed": 0.05952000617980957,
            "10_drop": 0.0004863739013671875,
            "11_filter": 0.0020818710327148438
        },
        "create_final_nodes": {
            "overall": 0.013569355010986328,
            "0_layout_graph": 0.003078460693359375,
            "1_unpack_graph": 0.0011088848114013672,
            "2_unpack_graph": 0.0010030269622802734,
            "3_drop": 0.0003516674041748047,
            "4_filter": 0.0019953250885009766,
            "5_select": 0.00033211708068847656,
            "6_rename": 0.00023865699768066406,
            "7_convert": 0.0012202262878417969,
            "8_join": 0.003672361373901367,
            "9_rename": 0.0003573894500732422
        },
        "create_final_communities": {
            "overall": 0.02219080924987793,
            "0_unpack_graph": 0.0012650489807128906,
            "1_unpack_graph": 0.0009517669677734375,
            "2_aggregate_override": 0.001733541488647461,
            "3_join": 0.0035276412963867188,
            "4_join": 0.0031185150146484375,
            "5_concat": 0.00031685829162597656,
            "6_filter": 0.002418041229248047,
            "7_aggregate_override": 0.001699686050415039,
            "8_join": 0.002969980239868164,
            "9_filter": 0.0022361278533935547,
            "10_fill": 0.00024366378784179688,
            "11_merge": 0.0008797645568847656,
            "12_copy": 0.0002465248107910156,
            "13_select": 0.00031113624572753906
        },
        "join_text_units_to_entity_ids": {
            "overall": 0.0028145313262939453,
            "0_select": 0.0004444122314453125,
            "1_unroll": 0.0009415149688720703,
            "2_aggregate_override": 0.00127410888671875
        },
        "create_final_relationships": {
            "overall": 0.008394241333007812,
            "0_unpack_graph": 0.0012154579162597656,
            "1_filter": 0.0019512176513671875,
            "2_rename": 0.0002646446228027344,
            "3_filter": 0.0016639232635498047,
            "4_drop": 0.00030231475830078125,
            "5_compute_edge_combined_degree": 0.0021653175354003906,
            "6_convert": 0.0003800392150878906,
            "7_convert": 0.0002636909484863281
        },
        "join_text_units_to_relationship_ids": {
            "overall": 0.0031249523162841797,
            "0_select": 0.0004534721374511719,
            "1_unroll": 0.0009472370147705078,
            "2_aggregate_override": 0.0012557506561279297,
            "3_select": 0.0003142356872558594
        },
        "create_final_community_reports": {
            "overall": 127.03257036209106,
            "0_prepare_community_reports_nodes": 0.0008707046508789062,
            "1_prepare_community_reports_edges": 0.000682830810546875,
            "2_restore_community_hierarchy": 0.002041339874267578,
            "3_prepare_community_reports": 0.01242828369140625,
            "4_create_community_reports": 127.01580286026001,
            "5_window": 0.0005269050598144531
        },
        "create_final_text_units": {
            "overall": 0.008650064468383789,
            "0_select": 0.0004787445068359375,
            "1_rename": 0.00028252601623535156,
            "2_join": 0.0030829906463623047,
            "3_join": 0.0027468204498291016,
            "4_aggregate_override": 0.0015444755554199219,
            "5_select": 0.00032711029052734375
        },
        "create_base_documents": {
            "overall": 0.009464740753173828,
            "0_unroll": 0.0012524127960205078,
            "1_select": 0.00035572052001953125,
            "2_rename": 0.0003027915954589844,
            "3_join": 0.002770662307739258,
            "4_aggregate_override": 0.001027822494506836,
            "5_join": 0.0026662349700927734,
            "6_rename": 0.000293731689453125,
            "7_convert": 0.0006010532379150391
        },
        "create_final_documents": {
            "overall": 0.000476837158203125,
            "0_rename": 0.0003516674041748047
        }
    }
}