{
    "total_runtime": 155.7284586429596,
    "num_documents": 1,
    "input_load_time": 0,
    "workflows": {
        "create_base_text_units": {
            "overall": 0.1390821933746338,
            "0_orderby": 0.0007638931274414062,
            "1_zip": 0.0007078647613525391,
            "2_aggregate_override": 0.001973390579223633,
            "3_chunk": 0.12900280952453613,
            "4_select": 0.0007436275482177734,
            "5_unroll": 0.001308441162109375,
            "6_rename": 0.0003380775451660156,
            "7_genid": 0.00043582916259765625,
            "8_unzip": 0.0006363391876220703,
            "9_copy": 0.00019359588623046875,
            "10_filter": 0.0026731491088867188
        },
        "create_base_extracted_entities": {
            "overall": 18.372809648513794,
            "0_entity_extract": 18.36725902557373,
            "1_merge_graphs": 0.005372285842895508
        },
        "create_summarized_entities": {
            "overall": 0.0026497840881347656,
            "0_summarize_descriptions": 0.0025179386138916016
        },
        "create_base_entity_graph": {
            "overall": 0.005881547927856445,
            "0_cluster_graph": 0.005371570587158203,
            "1_select": 0.0003666877746582031
        },
        "create_final_entities": {
            "overall": 0.10601210594177246,
            "0_unpack_graph": 0.0012929439544677734,
            "1_rename": 0.0003466606140136719,
            "2_select": 0.0003726482391357422,
            "3_dedupe": 0.00037860870361328125,
            "4_rename": 0.0002491474151611328,
            "5_filter": 0.00214385986328125,
            "6_text_split": 0.0005061626434326172,
            "7_drop": 0.0003075599670410156,
            "8_merge": 0.0015456676483154297,
            "9_text_embed": 0.09594583511352539,
            "10_drop": 0.0005476474761962891,
            "11_filter": 0.0021369457244873047
        },
        "create_final_nodes": {
            "overall": 0.01357579231262207,
            "0_layout_graph": 0.0031113624572753906,
            "1_unpack_graph": 0.0011396408081054688,
            "2_unpack_graph": 0.0010018348693847656,
            "3_filter": 0.0020477771759033203,
            "4_drop": 0.0003287792205810547,
            "5_select": 0.00028967857360839844,
            "6_rename": 0.0002315044403076172,
            "7_join": 0.0036373138427734375,
            "8_convert": 0.0012249946594238281,
            "9_rename": 0.00034999847412109375
        },
        "create_final_communities": {
            "overall": 0.02196478843688965,
            "0_unpack_graph": 0.001239776611328125,
            "1_unpack_graph": 0.0009670257568359375,
            "2_aggregate_override": 0.0017528533935546875,
            "3_join": 0.0034461021423339844,
            "4_join": 0.0031142234802246094,
            "5_concat": 0.0003230571746826172,
            "6_filter": 0.002382516860961914,
            "7_aggregate_override": 0.0016589164733886719,
            "8_join": 0.002942800521850586,
            "9_filter": 0.002198934555053711,
            "10_fill": 0.00023937225341796875,
            "11_merge": 0.0008749961853027344,
            "12_copy": 0.0002484321594238281,
            "13_select": 0.0003123283386230469
        },
        "join_text_units_to_entity_ids": {
            "overall": 0.0028235912322998047,
            "0_select": 0.0004494190216064453,
            "1_unroll": 0.0009527206420898438,
            "2_aggregate_override": 0.0012726783752441406
        },
        "create_final_relationships": {
            "overall": 0.008396387100219727,
            "0_unpack_graph": 0.0012149810791015625,
            "1_filter": 0.0019698143005371094,
            "2_rename": 0.0002665519714355469,
            "3_filter": 0.0016870498657226562,
            "4_drop": 0.0002968311309814453,
            "5_compute_edge_combined_degree": 0.002133607864379883,
            "6_convert": 0.0003783702850341797,
            "7_convert": 0.00025391578674316406
        },
        "join_text_units_to_relationship_ids": {
            "overall": 0.0030968189239501953,
            "0_select": 0.0004432201385498047,
            "1_unroll": 0.0009243488311767578,
            "2_aggregate_override": 0.0012450218200683594,
            "3_select": 0.00032448768615722656
        },
        "create_final_community_reports": {
            "overall": 135.0858931541443,
            "0_prepare_community_reports_nodes": 0.0008845329284667969,
            "1_prepare_community_reports_edges": 0.0006747245788574219,
            "2_restore_community_hierarchy": 0.0020155906677246094,
            "3_prepare_community_reports": 0.012363195419311523,
            "4_create_community_reports": 135.06921672821045,
            "5_window": 0.0005257129669189453
        },
        "create_final_text_units": {
            "overall": 0.00857996940612793,
            "0_select": 0.0004582405090332031,
            "1_rename": 0.00026869773864746094,
            "2_join": 0.00307464599609375,
            "3_join": 0.0027399063110351562,
            "4_aggregate_override": 0.0015246868133544922,
            "5_select": 0.0003345012664794922
        },
        "create_base_documents": {
            "overall": 0.009334087371826172,
            "0_unroll": 0.0011932849884033203,
            "1_select": 0.0003542900085449219,
            "2_rename": 0.0002982616424560547,
            "3_join": 0.0027489662170410156,
            "4_aggregate_override": 0.0010247230529785156,
            "5_join": 0.0026192665100097656,
            "6_rename": 0.0002949237823486328,
            "7_convert": 0.0006117820739746094
        },
        "create_final_documents": {
            "overall": 0.000461578369140625,
            "0_rename": 0.0003361701965332031
        }
    }
}